<dlg name="FunctionalBoxContainerPanel" pos="0,0,-0,-0" crbg="F5F6FA">
  <dlg pos="35,70,@100,@20">
    <text pos="0,0,-0,-0" class="functional_panel_head_tip">%str290%</text>
  </dlg>
  <dlg name="FunctionalBoxPanel" pos="35,[20,-0,-50">
    <filethumbview name="tool_thumb_view" pos="0,0,-0,-0" itemwidth="236" itemheight="102" rightmargin="35">
      <template>
        <dlg name="dlg_tool_item" pos="0,0,-0,-0">
          <imgbtn name="btn_main" pos="0,0,-0,-0" skin="function_btn_img" cursor="arrow" icoxoffset="24" icoyoffset="36"></imgbtn>
          <text name="txt_tool_name" pos="70,34" class="functional_panel_btn_text"></text>
          <img name="img_tool_arrow_tag" pos="[2,37,@14,@14" skin="function_arrow_icon" show="0"/>
          <img name="img_privilege_tag" pos="[2,36"  skin="function_free_img" show="0"/>
          <text name="txt_tool_description" pos="70,[4" class="functional_panel_btn_tip"></text>
          <check name="chk_tool_collect" pos="-38,20,@20,@20" skin="function_collect_star_icon" focusskin="function_collect_focus_skin" state="4" show="0"/>
        </dlg>
      </template>
    </filethumbview>
  </dlg>
</dlg>