<caption name="CaptionPanel" pos="0,0,-0,-0">
  <!--logo-->
  <img pos="20,12,@122,@26" skin="titlepanel_logo"></img>
  
  <!--文字运营位-->
  <link name="link_header_ad" pos="-500,|-8" crtext="C9A566" font="0000:微软雅黑" align="left" maxwidth="0" cursor="hand" dotted="1" show="0"></link>
  <!--用户头像-->
  <img name="img_userhead" pos="-414,|-15,@30,@30" skin="titlepanel_default_head">
	<img name="img_userhead_frame" pos="0,0,-0,-0" skin="titlepanel_headframe"/>
    <img name="img_userhead_cert_status" pos="16,18,@13,@13" skin="titlepanel_cert_status_icon" show="0"/>
  </img>
  <!--用户昵称-->
  <text name="txt_nickname" pos="-360,|-8" crtext="333333" font="0000:微软雅黑" align="left" cursor="arrow" maxwidth="200" dotted="1"></text>
  <!--会员身份标识-->
  <imgbtn name="btn_crown" pos="-342,|-9,@38,@18" skin="titlepanel_translucent" icoskin="titlepanel_vipclose" cursor="hand"/>
  
  <!--会员中心-->
  <imgbtn name="btn_vipcenter" pos="-120,|-20,@0,@0" class="cls_titlepanel_vipcenter_btn" txtyoffset="2">%str1505%</imgbtn>
  <text name="text_vipcenter" class="cls_titlepanel_vipcenter_btn" show="0"></text>

  <dlg name="title_right_region" pos="-120,10,-98,-10">
    <!--设置-->
    <imgbtn name="btn_setting" pos="[-20,|-8,@15,@16" skin="titlepanel_setting_btn" cursor="arrow" tip="%str1507%"></imgbtn> 
  </dlg>
  
  <!--窗口属性-->
  <hr pos="-98,|-8,@1,@16" size="1" crbg="d6d8dd"/>
  <imgbtn name="btn_minimize" skin="titlepanel_minmize_btn" pos="-84,|-8,@15,@16" cursor="arrow" tip="%str251%"/>
  <imgbtn name="btn_maximize" skin="titlepanel_maximize_btn" pos="-56,|-8,@15,@16" cursor="arrow" tip="%str1503%"/>
  <imgbtn name="btn_restore" skin="titlepanel_restore_btn" pos="-56,|-8,@15,@16" cursor="arrow" tip="%str1504%" show="0"/>
  <imgbtn name="btn_close" skin="titlepanel_close_btn" pos="-30,|-8,@15,@16" cursor="arrow" tip="%str250%"></imgbtn>
</caption>
