<layer name="UserCardWnd" width="340" height="78" appwin="0" toolwindow="1" ncRect="5,5,5,5" translucent="1" nomaxsize="1">
  <body>
    <dlg name="dlg_main" pos="0,0,-0,-0" skin="usercard_notvip_bg">
	  <dlg pos="15,26,-15,-15">
      
	    <!--底部面板-->
	    <dlg name="dlg_bottom" pos="0,-40,-0,-0">
            <hr pos="10,0,@290,@1" crbg="F1F2F4" size="1"/>	
            <imgbtn name="btn_personal_center" pos="0,0,@103,@40" class="cls_usercard_table_btn">%str1512%</imgbtn>
            <hr pos="103,10,@1,@22" crbg="F1F2F4" size="1"/>	
            <imgbtn name="btn_help_center" pos="103,0,@103,@40" class="cls_usercard_table_btn">%str1513%</imgbtn>
            <hr pos="206,10,@1,@22" crbg="F1F2F4" size="1"/>	
            <imgbtn name="btn_logout" pos="206,0,@103,@40" class="cls_usercard_table_btn">%str1514%</imgbtn>
	    </dlg>
	  </dlg>
	  
	</dlg>
  </body>
</layer>