<dlg name="Toolbar" skin="mainpanel_toolbar_bkg" pos="0,0,-0,-0">
  <dlg pos="0,0,-0,-1" crbg="ffffff"></dlg>
  <imgbtn name="btn_upload" class="toolbarbtn" icoskin="mainpanel_toolbar_upload" icoxoffset="10" icoyoffset="5" txtxoffset="18" pos="5,7,@75,@32" cursor="arrow">%str2150%</imgbtn>
  <imgbtn name="btn_download" class="toolbarbtn" icoskin="mainpanel_toolbar_download" icoxoffset="10" icoyoffset="5" txtxoffset="18" pos="[5,7,@75,@32" cursor="arrow">%str2151%</imgbtn>
  <imgbtn name="btn_createshare" class="toolbarbtn" icoskin="mainpanel_toolbar_createshare" icoxoffset="10" icoyoffset="5" txtxoffset="18" pos="[5,7,@75,@32" cursor="arrow">%str2152%</imgbtn>
  <imgbtn name="btn_delete" class="toolbarbtn" icoskin="mainpanel_toolbar_delete" icoxoffset="10" icoyoffset="5" txtxoffset="18" pos="[5,7,@75,@32" cursor="arrow">%str2153%</imgbtn>
  <imgbtn name="btn_createdir" class="toolbarbtn" icoskin="mainpanel_toolbar_createdir" icoxoffset="10" icoyoffset="5" txtxoffset="18" pos="[5,7,@110,@32" cursor="arrow" show="0">%str2154%</imgbtn>
  <imgbtn name="btn_editonlinedoc" class="toolbarbtn" icoskin="mainpanel_toolbar_doc_to_onlinedoc" icoxoffset="10" icoyoffset="5" txtxoffset="18" pos="[5,7,@120,@32" cursor="arrow" show="0">%str2191%</imgbtn>
  <dropbutton name="btn_createonlinedoc" class="toolbarbtn" icoskin="mainpanel_createonlinedoc" drop-skin="mainpanel_toolbar_drop_arrow" icoxoffset="10" icoyoffset="5" txtxoffset="35" textmode="40824" pos="245,7,@135,@32" cursor="arrow" show="0">%str2187%</dropbutton>
  <img name="img_newfunc" pos="[-29,2,@29,@14" skin="mainpanel_toolbar_badge_new_func" cursor="arrow" show="0"/>
  <imgbtn name="btn_pdftoword" class="toolbarbtn" icoskin="mainpanel_toolbar_pdftoword" icoxoffset="10" icoyoffset="5" txtxoffset="18" pos="350,7,@110,@32" cursor="arrow" show="0">%str2181%</imgbtn>
  <imgbtn name="btn_mobileview" class="toolbarbtn" icoskin="mainpanel_toolbar_mobileview" icoxoffset="10" icoyoffset="5" txtxoffset="18" pos="465,7,@92,@32" cursor="arrow" show="0">%str2186%</imgbtn>
  <imgbtn name="btn_export_onlinedoc" class="toolbarbtn" icoskin="mainpanel_toolbar_export_onlinedoc" icoxoffset="10" icoyoffset="5" txtxoffset="18" pos="85,7,@75,@32" show="0" cursor="arrow">%str2363%</imgbtn>
  <dropbutton name="btn_offlinedownload" class="toolbarbtn" icoskin="mainpanel_toolbar_offlinedownload" drop-skin="mainpanel_toolbar_drop_arrow" icoxoffset="10" icoyoffset="5" txtxoffset="8" pos="465,7,@110,@32" cursor="arrow" show="0">%str2155%</dropbutton>
  <dropbutton name="btn_more" class="toolbarbtn" icoskin="mainpanel_toolbar_more" drop-skin="mainpanel_toolbar_drop_arrow" icoxoffset="10" icoyoffset="5" txtxoffset="8" pos="[5,7,@87,@32" cursor="arrow" show="0">%str2159%</dropbutton>
  <imgbtn name="btn_batch_rename" class="toolbarbtn" icoskin="mainpanel_toolbar_batch_rename" icoxoffset="10" icoyoffset="5" txtxoffset="18" pos="[5,7,@110,@32" cursor="arrow" show="0">%str2194%</imgbtn>
  <img name="img_badge_batch_rename" pos="[-29,2,@29,@14" skin="mainpanel_toolbar_badge_new_func" cursor="arrow" show="0"/>
  
  <imgbtn name="btn_sort" skin="mainpanel_toolbar_sort" pos="-54,12" show="1" cursor="arrow" tip="%str2176%"></imgbtn>
  <imgbtn name="btn_thumb" skin="mainpanel_toolbar_thumb" pos="-28,12" show="1" cursor="arrow" tip="%str2175%"></imgbtn>
  <imgbtn name="btn_list" skin="mainpanel_toolbar_list" pos="-28,12" show="0" cursor="arrow" tip="%str2174%"></imgbtn>
</dlg>
